{
    "current": {
        "model_version": "2.15.9.0",
        "otl_version": "2.15.0",
        "created_at": "2025-05-23T16:15:00",
        "created_by": "davidvlaminck"
    },
    "history": {
        "2.9.2.1": {
            "previous_version": null,
            "updated_class_model": true,
            "updated_enums": false,
            "enums_updated": []
        },
        "2.9.3.0": {
            "previous_version": "2.9.2.1",
            "updated_class_model": false,
            "updated_enums": false,
            "enums_updated": []
        },
        "2.9.4.0": {
            "previous_version": "2.9.3.0",
            "updated_class_model": false,
            "updated_enums": false,
            "enums_updated": []
        },
        "2.9.5.0": {
            "previous_version": "2.9.4.0",
            "updated_class_model": false,
            "updated_enums": false,
            "enums_updated": []
        },
        "2.10.0.0": {
            "previous_version": "2.9.5.0",
            "updated_class_model": true,
            "updated_enums": true,
            "enums_updated": [
                "KlAlgSnelheidsregime",
                "KlBewegingsvrijheidInVlakBijOplegging",
                "KlDeurType",
                "KlGrachtdoorsnede",
                "KlLaagRol",
                "KlMateriaalStraatkap",
                "KlMateriaalVentilatiekanaal",
                "KlOmvormerModelnaam",
                "KlSegmentcontrollerMerk",
                "KlSegmentcontrollerModelnaam",
                "KlSeinbrugType",
                "KlStortsteenKaliber",
                "KlToegangsprocedureAandachtspunt",
                "KlTypeBrugdeel",
                "KlTypeLandhoofd",
                "KlTypeNutsvoorziening",
                "KlTypeSchanskorf",
                "KlTypeVerankeringBrugdekvoeg",
                "KlWvLedLichtpunthoogte",
                "KlWvLedOverhang"
            ]
        },
        "2.10.1.0": {
            "previous_version": "2.10.0.0",
            "updated_class_model": false,
            "updated_enums": true,
            "enums_updated": [
                "KlAIMToestand",
                "KlCameraModelnaam",
                "KlConstructiestaalsoort",
                "KlDatakabelType",
                "KlDynBordExternePUModelnaam",
                "KlLEDDriverModelnaam",
                "KlPictogramSymbool",
                "KlSegmentcontrollerMerk",
                "KlTypeNutsvoorziening",
                "KlTypeWand",
                "KlUPSMerk",
                "KlUPSModelnaam",
                "KlWvLedLichtpunthoogte",
                "KlWvLedOverhang",
                "KlVerlichtingstoestelMerk"
            ]
        },
        "2.10.2.0": {
            "previous_version": "2.10.1.0",
            "updated_class_model": false,
            "updated_enums": false,
            "enums_updated": []
        },
        "2.10.3.0": {
            "previous_version": "2.10.2.0",
            "updated_class_model": false,
            "updated_enums": false,
            "enums_updated": []
        },
        "2.10.4.0": {
            "previous_version": "2.10.3.0",
            "updated_class_model": false,
            "updated_enums": false,
            "enums_updated": []
        },
        "2.11.0.0": {
            "previous_version": "2.10.4.0",
            "updated_class_model": true,
            "updated_enums": true,
            "enums_updated": [
                "KlAanvaarbeschermingType",
                "KlAutoOmschakelaarWerking",
                "KlCBVAardVerharding",
                "KlLEDDriverMerk",
                "KlLEDDriverModelnaam",
                "KlLEDDriverProtocol",
                "KlLumenOutput",
                "KlPTRegelaarModuleMerk",
                "KlPTRegelaarModuleModelnaam",
                "KlPtKARModemProtocol",
                "KlSchoorhoek",
                "KlSegmentcontrollerModelnaam",
                "KlVerlichtingstoestelconnectorBesturingsconnector",
                "KlWegbermBIO",
                "KlWegbermType",
                "KlWvLedVerlNiveau"
            ]
        },
        "2.11.0.1": {
            "previous_version": "2.11.0.0",
            "updated_class_model": false,
            "updated_enums": true,
            "enums_updated": [
                "KlBeschermbuisKleur"
            ]
        },
        "2.11.0.2": {
            "previous_version": "2.11.0.1",
            "updated_class_model": false,
            "updated_enums": true,
            "enums_updated": [
                "KlAfwerkingstypeLeuning"
            ]
        },
        "2.11.0.3": {
            "previous_version": "2.11.0.2",
            "updated_class_model": false,
            "updated_enums": true,
            "enums_updated": [
                "KlDynBordRSSMerk"
            ]
        },
        "2.11.0.4": {
            "previous_version": "2.11.0.3",
            "updated_class_model": false,
            "updated_enums": true,
            "enums_updated": [
                "KlWvLedOverhang"
            ]
        },
        "2.12.0.0": {
            "previous_version": "2.11.0.4",
            "updated_class_model": true,
            "updated_enums": true,
            "enums_updated": [
                "KlBoomConditiebeoordeling",
                "KlBoomConditiewaarde",
                "KlBoomConflicten",
                "KlBoomGebreken",
                "KlBoomOnderhoudstoestand",
                "KlBoomPlantwijzewaarde",
                "KlBoomStandplaatswaarde",
                "KlBoomtoestandMeerwaardefactor",
                "KlKokerTypeFundering",
                "KlVRBAZMerk",
                "KlVRBAZModelnaam",
                "KlVRBatterijCUMerk",
                "KlVRBatterijCUModelnaam",
                "KlVRModuleMetFirmwareMerk",
                "KlVrComKaartTypeOpslaggeheugen"
            ]
        },
        "2.12.0.1": {
            "previous_version": "2.12.0.0",
            "updated_class_model": false,
            "updated_enums": true,
            "enums_updated": [
                "KlKabelFabrikant"
            ]
        },
        "2.12.0.2": {
            "previous_version": "2.12.0.1",
            "updated_class_model": false,
            "updated_enums": true,
            "enums_updated": [
                "KlBijlageType"
            ]
        },
        "2.12.0.3": {
            "previous_version": "2.12.0.2",
            "updated_class_model": false,
            "updated_enums": true,
            "enums_updated": [
                "KlUPSMerk",
                "KlUPSModelnaam"
            ]
        },
        "2.12.0.4": {
            "previous_version": "2.12.0.3",
            "updated_class_model": false,
            "updated_enums": true,
            "enums_updated": [
                "KlOmvormerType"
            ]
        },
        "2.12.1.0": {
            "previous_version": "2.12.0.4",
            "updated_class_model": true,
            "updated_enums": false,
            "enums_updated": []
        },
        "2.12.2.0": {
            "previous_version": "2.12.1.0",
            "updated_class_model": true,
            "updated_enums": false,
            "enums_updated": []
        },
        "2.12.3.0": {
            "previous_version": "2.12.2.0",
            "updated_class_model": true,
            "updated_enums": false,
            "enums_updated": []
        },
        "2.12.3.1": {
            "previous_version": "2.12.3.0",
            "updated_class_model": false,
            "updated_enums": true,
            "enums_updated": [
                "KlWvLedOverhang"
            ]
        },
        "2.12.3.2": {
            "previous_version": "2.12.3.1",
            "updated_class_model": false,
            "updated_enums": true,
            "enums_updated": [
                "KlTypeWand"
            ]
        },
        "2.12.3.3": {
            "previous_version": "2.12.3.2",
            "updated_class_model": false,
            "updated_enums": false,
            "enums_updated": []
        },
        "2.12.3.4": {
            "previous_version": "2.12.3.3",
            "updated_class_model": false,
            "updated_enums": true,
            "enums_updated": [
                "KlWeergegevenVervoersmodiOpKaart"
            ]
        },
        "2.12.4.0": {
            "previous_version": "2.12.3.4",
            "updated_class_model": true,
            "updated_enums": false,
            "enums_updated": []
        },
        "2.13.0.0": {
            "previous_version": "2.12.4.0",
            "updated_class_model": true,
            "updated_enums": true,
            "enums_updated": [
                "KlOnbegroeidVoorkomenType"
            ]
        },
        "2.13.0.1": {
            "previous_version": "2.13.0.0",
            "updated_class_model": false,
            "updated_enums": true,
            "enums_updated": [
                "KlDynBordRSSMerk",
                "KlDynBordRVMSMerk",
                "KlDynBordRVMSModelnaam",
                "KlTypeGrondanker"
            ]
        },
        "2.13.0.2": {
            "previous_version": "2.13.0.1",
            "updated_class_model": false,
            "updated_enums": true,
            "enums_updated": [
                "KlDynBordRSSModelnaam"
            ]
        },
        "2.13.1.0": {
            "previous_version": "2.13.0.2",
            "updated_class_model": true,
            "updated_enums": false,
            "enums_updated": []
        },
        "2.13.0.3": {
            "previous_version": "2.13.1.0",
            "updated_class_model": false,
            "updated_enums": true,
            "enums_updated": [
                "KlAansluitstukMateriaal",
                "KlAfsluitkraanModelnaam",
                "KlNeerslagsensorType"
            ]
        },
        "2.13.2.0": {
            "previous_version": "2.13.0.3",
            "updated_class_model": true,
            "updated_enums": false,
            "enums_updated": []
        },
        "2.13.2.1": {
            "previous_version": "2.13.2.0",
            "updated_class_model": false,
            "updated_enums": true,
            "enums_updated": [
                "KlDynBordRVMSMerk",
                "KlDynBordRVMSModelnaam"
            ]
        },
        "2.13.2.2": {
            "previous_version": "2.13.2.1",
            "updated_class_model": false,
            "updated_enums": true,
            "enums_updated": [
                "KlConstructiestaalsoort",
                "KlPersleidingMateriaal"
            ]
        },
        "2.13.3.0": {
            "previous_version": "2.13.2.2",
            "updated_class_model": true,
            "updated_enums": false,
            "enums_updated": []
        },
        "2.13.4.0": {
            "previous_version": "2.13.3.0",
            "updated_class_model": true,
            "updated_enums": false,
            "enums_updated": []
        },
        "2.13.4.1": {
            "previous_version": "2.13.4.0",
            "updated_class_model": false,
            "updated_enums": true,
            "enums_updated": [
                "KlDraagconstructieDwarsdoorsnede"
            ]
        },
        "2.13.5.0": {
            "previous_version": "2.13.4.1",
            "updated_class_model": true,
            "updated_enums": false,
            "enums_updated": []
        },
        "2.13.6.0": {
            "previous_version": "2.13.5.0",
            "updated_class_model": true,
            "updated_enums": false,
            "enums_updated": []
        },
        "2.13.7.0": {
            "previous_version": "2.13.6.0",
            "updated_class_model": true,
            "updated_enums": false,
            "enums_updated": []
        },
        "2.13.8.0": {
            "previous_version": "2.13.7.0",
            "updated_class_model": true,
            "updated_enums": false,
            "enums_updated": []
        },
        "2.13.8.1": {
            "previous_version": "2.13.8.0",
            "updated_class_model": false,
            "updated_enums": true,
            "enums_updated": [
                "KlAanvaarbeschermingType",
                "KlLEDDriverModelnaam",
                "KlWvLedOverhang",
                "KlWvLichtmastArmlengte"
            ]
        },
        "2.13.8.2": {
            "previous_version": "2.13.8.1",
            "updated_class_model": false,
            "updated_enums": true,
            "enums_updated": [
                "KlLEDDriverMerk",
                "KlLumenOutput",
                "KlWvLedOverhang"
            ]
        },
        "2.13.8.3": {
            "previous_version": "2.13.8.2",
            "updated_class_model": false,
            "updated_enums": true,
            "enums_updated": [
                "KlLumenOutput"
            ]
        },
        "2.13.9.0": {
            "previous_version": "2.13.8.3",
            "updated_class_model": true,
            "updated_enums": false,
            "enums_updated": []
        },
        "2.13.9.1": {
            "previous_version": "2.13.9.0",
            "updated_class_model": false,
            "updated_enums": true,
            "enums_updated": [
                "KlAansluitstukMateriaal"
            ]
        },
        "2.13.9.2": {
            "previous_version": "2.13.9.1",
            "updated_class_model": false,
            "updated_enums": true,
            "enums_updated": [
                "KlTypeBalk"
            ]
        },
        "2.13.9.3": {
            "previous_version": "2.13.9.2",
            "updated_class_model": false,
            "updated_enums": true,
            "enums_updated": [
                "KlKleurSupp",
                "KlWvLedOverhang"
            ]
        },
        "2.13.9.4": {
            "previous_version": "2.13.9.3",
            "updated_class_model": false,
            "updated_enums": true,
            "enums_updated": [
                "KlBijlageType"
            ]
        },
        "2.14.0.0": {
            "previous_version": "2.13.9.4",
            "updated_class_model": true,
            "updated_enums": true,
            "enums_updated": [
                "KlAanvaarbeschermingType",
                "KlDamwandMateriaal"
            ]
        },
        "2.14.0.1": {
            "previous_version": "2.14.0.0",
            "updated_class_model": false,
            "updated_enums": true,
            "enums_updated": [
                "KlKabelFabrikant",
                "KlSeinlantaarnMerk",
                "KlSeinlantaarnModelnaam"
            ]
        },
        "2.14.0.2": {
            "previous_version": "2.14.0.1",
            "updated_class_model": false,
            "updated_enums": true,
            "enums_updated": [
                "KlDetectiecameraMerk",
                "KlLEKantstrookType",
                "KlLETrottoirbandVorm",
                "KlRadarMerk",
                "KlSeinlantaarnModelnaam"
            ]
        },
        "2.14.0.3": {
            "previous_version": "2.14.0.2",
            "updated_class_model": false,
            "updated_enums": true,
            "enums_updated": [
                "KlOpenInfiltratievoorzieningType",
                "KlVerlichtingstoestelconnectorBesturingsconnector"
            ]
        },
        "2.14.0.4": {
            "previous_version": "2.14.0.3",
            "updated_class_model": false,
            "updated_enums": true,
            "enums_updated": [
                "KlDatakabelAdersEnSectie",
                "KlDatakabelType",
                "KlDatakabelTypeSpecificatie",
                "KlLumenOutput",
                "KlPoEInjectorMerk",
                "KlPoEInjectorModelnaam",
                "KlSignaalkabelType",
                "KlSignaalkabelTypeSpecificatie",
                "KlVoedingskabelAdersEnSectie",
                "KlVoedingskabelTypeSpecificatie"
            ]
        },
        "2.14.0.5": {
            "previous_version": "2.14.0.4",
            "updated_class_model": false,
            "updated_enums": true,
            "enums_updated": [
                "KlCameraMerk"
            ]
        },
        "2.14.0.6": {
            "previous_version": "2.14.0.5",
            "updated_class_model": false,
            "updated_enums": true,
            "enums_updated": [
                "KlCameraModelnaam"
            ]
        },
        "2.14.0.7": {
            "previous_version": "2.14.0.6",
            "updated_class_model": false,
            "updated_enums": true,
            "enums_updated": [
                "KlBeheerGrazigeVegetatie",
                "KlMaaiPeriode"
            ]
        },
        "2.14.0.8": {
            "previous_version": "2.14.0.7",
            "updated_class_model": false,
            "updated_enums": true,
            "enums_updated": [
                "KlCameraModelnaam"
            ]
        },
        "2.14.0.9": {
            "previous_version": "2.14.0.8",
            "updated_class_model": false,
            "updated_enums": true,
            "enums_updated": [
                "KlLEDDriverModelnaam"
            ]
        },
        "2.14.0.10": {
            "previous_version": "2.14.0.9",
            "updated_class_model": false,
            "updated_enums": true,
            "enums_updated": [
                "KlAlgRijrichting",
                "KlCameraModelnaam",
                "KlDetectiecameraModelnaam",
                "KlDrukknopMerk",
                "KlDrukknopModelnaam",
                "KlLEDDriverModelnaam",
                "KlRadarModelnaam"
            ]
        },
        "2.14.0.11": {
            "previous_version": "2.14.0.10",
            "updated_class_model": false,
            "updated_enums": true,
            "enums_updated": [
                "KlDatakabelTypeSpecificatie",
                "KlIVRIBaseline",
                "KlIVRIMerkITSapp",
                "KlIVRIModelITSapp",
                "KlSignaalkabelTypeSpecificatie"
            ]
        },
        "2.14.0.12": {
            "previous_version": "2.14.0.11",
            "updated_class_model": false,
            "updated_enums": true,
            "enums_updated": [
                "KlCameraMerk",
                "KlCameraModelnaam",
                "KlDatakabelAdersEnSectie",
                "KlDatakabelType",
                "KlOmvormerType",
                "KlSignaalkabelType",
                "KlVoedingskabelAdersEnSectie"
            ]
        },
        "2.14.0.13": {
            "previous_version": "2.14.0.12",
            "updated_class_model": false,
            "updated_enums": true,
            "enums_updated": [
                "KlLEDDriverModelnaam"
            ]
        },
        "2.14.0.14": {
            "previous_version": "2.14.0.13",
            "updated_class_model": false,
            "updated_enums": true,
            "enums_updated": [
                "KlNetwerkMerk",
                "KlNetwerkelemModelnaam"
            ]
        },
        "2.14.0.15": {
            "previous_version": "2.14.0.14",
            "updated_class_model": false,
            "updated_enums": true,
            "enums_updated": [
                "KlSpanningsomvormerMerk",
                "KlSpanningsomvormerModelnaam",
                "KlThermoHygrometerMerk",
                "KlThermoHygrometerModelnaam"
            ]
        },
        "2.14.0.16": {
            "previous_version": "2.14.0.15",
            "updated_class_model": false,
            "updated_enums": true,
            "enums_updated": [
                "KlFiguratieType"
            ]
        },
        "2.14.0.17": {
            "previous_version": "2.14.0.16",
            "updated_class_model": false,
            "updated_enums": true,
            "enums_updated": [
                "KlMIVEenheidType",
                "KlSchoorhoek"
            ]
        },
        "2.14.1.0": {
            "previous_version": "2.14.0.17",
            "updated_class_model": true,
            "updated_enums": false,
            "enums_updated": []
        },
        "2.14.1.1": {
            "previous_version": "2.14.1.0",
            "updated_class_model": false,
            "updated_enums": true,
            "enums_updated": [
                "KlArmatuurkleur",
                "KlMIVMeetpuntAfmetingen",
                "KlVerlichtingstoestelModelnaam",
                "KlWvLedProtector"
            ]
        },
        "2.14.1.2": {
            "previous_version": "2.14.1.1",
            "updated_class_model": false,
            "updated_enums": true,
            "enums_updated": [
                "KlDunneOverlagingType"
            ]
        },
        "2.14.1.3": {
            "previous_version": "2.14.1.2",
            "updated_class_model": false,
            "updated_enums": true,
            "enums_updated": [
                "KlDatakabelAdersEnSectie"
            ]
        },
        "2.15.0.0": {
            "previous_version": "2.14.1.3",
            "updated_class_model": true,
            "updated_enums": true,
            "enums_updated": [
                "KlNetwerkelemModelnaam",
                "KlNominaleSpanning",
                "KlPtRegelaarProtocol"
            ]
        },
        "2.15.1.0": {
            "previous_version": "2.15.0.0",
            "updated_class_model": true,
            "updated_enums": false,
            "enums_updated": []
        },
        "2.15.2.0": {
            "previous_version": "2.15.1.0",
            "updated_class_model": true,
            "updated_enums": false,
            "enums_updated": []
        },
        "2.15.3.0": {
            "previous_version": "2.15.2.0",
            "updated_class_model": true,
            "updated_enums": false,
            "enums_updated": []
        },
        "2.15.3.1": {
            "previous_version": "2.15.3.0",
            "updated_class_model": false,
            "updated_enums": true,
            "enums_updated": [
                "KlLampTypeIVSB",
                "KlMIVMeetpuntAfmetingen"
            ]
        },
        "2.15.3.2": {
            "previous_version": "2.15.3.1",
            "updated_class_model": true,
            "updated_enums": false,
            "enums_updated": []
        },
        "2.15.4.0": {
            "previous_version": "2.15.3.2",
            "updated_class_model": true,
            "updated_enums": false,
            "enums_updated": []
        },
        "2.15.5.0": {
            "previous_version": "2.15.4.0",
            "updated_class_model": true,
            "updated_enums": false,
            "enums_updated": []
        },
        "2.15.6.0": {
            "previous_version": "2.15.5.0",
            "updated_class_model": true,
            "updated_enums": false,
            "enums_updated": []
        },
        "2.15.7.0": {
            "previous_version": "2.15.6.0",
            "updated_class_model": true,
            "updated_enums": false,
            "enums_updated": []
        },
        "2.15.7.1": {
            "previous_version": "2.15.7.0",
            "updated_class_model": false,
            "updated_enums": true,
            "enums_updated": [
                "KlAlgMateriaal",
                "KlDatakabelType",
                "KlPlantwijze",
                "KlVegetatieelementStandplaats"
            ]
        },
        "2.15.7.2": {
            "previous_version": "2.15.7.1",
            "updated_class_model": false,
            "updated_enums": true,
            "enums_updated": [
                "KlDatakabelAdersEnSectie",
                "KlSignaalkabelAdersEnSectie"
            ]
        },
        "2.15.7.3": {
            "previous_version": "2.15.7.2",
            "updated_class_model": false,
            "updated_enums": true,
            "enums_updated": [
                "KlDrukknopModelnaam"
            ]
        },
        "2.15.8.0": {
            "previous_version": "2.15.7.3",
            "updated_class_model": true,
            "updated_enums": false,
            "enums_updated": []
        },
        "2.15.9.0": {
            "previous_version": "2.15.8.0",
            "updated_class_model": true,
            "updated_enums": false,
            "enums_updated": []
        }
    }
}